,AcresBurned,Counties,CountyIds,Latitude,Longitude
0,257314.0,Tuolumne,55,37.857,-120.086
1,30274.0,Los Angeles,19,34.585595,-118.423176
2,27531.0,Riverside,33,33.7095,-116.72885
3,27440.0,Placer,31,39.12,-120.65
4,24251.0,Ventura,56,0.0,0.0
5,22992.0,Fresno,10,37.279,-119.318
6,20292.0,Riverside,33,33.86157,-116.90427
7,14754.0,Siskiyou,47,41.32,-123.176
8,12503.0,Humboldt,12,41.035,-123.488
9,11429.0,Tehama,52,40.04263,-121.85397
10,8073.0,Shasta,45,40.498332,-122.535496
11,7055.0,San Diego,37,32.95435,-116.47381
12,6965.0,Tehama,52,40.190062,-121.595555
13,4346.0,Kern,"15,56",34.7861,-118.9411
14,4346.0,Ventura,"15,56",34.7861,-118.9411
15,3505.0,Sonoma,49,38.8167,-122.8498
16,3166.0,Riverside,33,34.288877,-116.941311
17,3111.0,Contra Costa,7,37.90757,-121.882582
18,2781.0,San Diego,37,33.12111,-116.52579
19,2462.0,Butte,4,39.446268,-121.38236
20,2236.0,San Diego,37,33.341,-117.3092
21,2060.0,Tulare,54,36.208,-118.444
22,1984.0,Santa Barbara,42,34.55048,-119.82429
23,1708.0,Mariposa,22,37.58202,-119.91071
24,1383.0,Riverside,"33,",33.62236,-117.40288
25,1271.0,San Diego,37,33.04458,-116.5209
26,1070.0,Tuolumne,55,38.25108,-120.02778
27,917.0,Monterey,27,0.0,0.0
28,794.0,Kern,15,35.707,-118.588
29,712.0,Kern,15,34.882,-118.9194
30,712.0,Los Angeles,19,34.49149,-118.610044
31,612.0,Kern,15,34.90327,-118.93388
32,572.0,El Dorado,9,38.774,-120.298
33,534.0,San Bernardino,36,34.071556,-117.048397
34,513.0,Plumas,32,40.00842,-120.764666
35,510.0,Riverside,33,33.894055,-116.855019
36,502.0,Modoc,25,41.2415,-121.035
37,500.0,San Luis Obispo,40,35.15832,-120.05131
38,492.0,Contra Costa,7,37.96866,-121.91453
39,482.0,Madera,20,37.015575,-119.78106
40,413.0,San Bernardino,36,34.302,-117.598
41,406.0,Inyo,14,36.602575,-118.01651
42,376.0,Napa,28,38.628,-122.289
43,354.0,San Benito,35,37.160346,-120.937494
44,311.0,Riverside,33,0.0,0.0
45,305.0,Butte,4,39.439,-121.497
46,303.0,San Joaquin,39,38.04993,-120.90325
47,298.0,Butte,4,39.434183,-121.576804
48,296.0,Lake,17,0.0,0.0
49,274.0,Contra Costa,7,39.90465,-121.74367
50,274.0,Madera,20,37.116295,-119.635004
51,268.0,Los Angeles,19,34.149,-117.908
52,263.0,San Diego,37,32.710918,-116.746023
53,243.0,San Bernardino,36,34.35,-117.62
54,240.0,Alameda,1,37.775057,-121.737213
55,237.0,Placer,31,38.729297,-121.380862
56,226.0,Glenn,11,0.0,0.0
57,217.0,Glenn,11,39.514139,-122.560862
58,213.0,Monterey,27,0.0,0.0
59,200.0,San Bernardino,36,34.2,-117.417
60,200.0,Tehama,52,40.012398,-122.079871
61,196.0,Shasta,45,40.5445,-121.3754
62,195.0,Tehama,52,39.961309,-122.330879
63,190.0,Napa,28,38.382,-122.311
64,170.0,Santa Barbara,42,34.611824,-120.074655
65,163.0,Yolo,57,38.67479,-122.08725
66,163.0,El Dorado,"9,34",38.63987,-121.08438
67,163.0,Sacramento,"9,34",38.63987,-121.08438
68,159.0,Sonoma,49,38.34599,-122.6503
69,158.0,Sonoma,49,38.17693,-122.51253
70,150.0,Alameda,1,0.0,0.0
71,150.0,Riverside,33,33.990128,-117.164997
72,150.0,Stanislaus,50,37.436,-121.1955
73,150.0,Fresno,10,36.7218,-119.2248
74,150.0,Butte,4,0.0,0.0
75,149.0,Los Angeles,19,34.419284,-118.58688
76,134.0,Tulare,54,36.258,-118.459
77,125.0,Sonoma,49,38.638828,-122.655616
78,124.0,Solano,48,38.08744,-122.13802
79,124.0,Merced,24,37.03776,-121.006939
80,124.0,Riverside,33,33.963591,-117.187934
81,120.0,Lake,17,38.882214,-122.567525
82,116.0,El Dorado,9,38.682378,-120.839075
83,110.0,San Bernardino,36,34.287,-117.451
84,108.0,Fresno,10,36.772425,-119.628389
85,105.0,Monterey,27,36.1531,-120.8973
86,100.0,Los Angeles,19,0.0,0.0
87,100.0,Tuolumne,55,37.91529,-120.33313
88,100.0,San Diego,37,32.564465,-116.900368
89,98.0,Mendocino,23,38.9252,-122.966
90,97.0,Modoc,25,41.73325,-120.375
91,97.0,San Bernardino,36,33.642,-116.706
92,97.0,Lassen,18,40.88886,-120.958126
93,96.0,Amador,3,38.27783,-120.966016
94,94.0,San Luis Obispo,40,35.4393,-120.8358
95,92.0,Butte,4,39.6612,-121.50354
96,91.0,Madera,20,37.1927,-119.7917
97,90.0,Riverside,33,33.9582,-116.6534
98,85.0,San Luis Obispo,40,35.62743,-120.83417
99,82.0,Mendocino,23,39.0442,-123.1478
100,80.0,Butte,4,39.731878,-121.713938
101,80.0,Fresno,10,0.0,0.0
102,75.0,Tehama,52,0.0,0.0
103,75.0,San Bernardino,36,34.316,-117.352
104,75.0,Madera,20,37.169379,-119.75636
105,75.0,San Bernardino,36,34.1834,-117.4408
106,75.0,Napa,28,38.441792,-122.350844
107,73.0,San Bernardino,36,34.003151,-117.106075
108,73.0,Yuba,58,39.206,-121.31634
109,72.0,Butte,4,0.0,0.0
110,70.0,Lake,17,39.013682,-122.491894
111,68.0,Modoc,25,41.569,-120.959
112,64.0,Ventura,56,34.384,-119.13249
113,60.0,Riverside,33,38.838,-116.61
114,60.0,Riverside,33,33.91027,-116.99895
115,52.0,Nevada,29,39.333401,-121.107022
116,51.0,San Luis Obispo,40,35.457978,-120.751555
117,50.0,Lake,17,39.0448,-122.7656
118,50.0,Siskiyou,47,41.923323,-122.578393
119,50.0,Santa Clara,43,37.1438,-121.7804
120,50.0,Alameda,1,37.7393,-121.5869
121,50.0,San Luis Obispo,40,35.5123,-120.6368
122,46.0,Calaveras,5,38.06231,-120.45233
123,46.0,Fresno,10,37.03087,-119.463757
124,45.0,Mendocino,23,38.980846,-123.067671
125,44.0,Ventura,56,0.0,0.0
126,43.0,Shasta,45,40.373,-122.7338
127,42.0,Riverside,33,33.96936,-117.1265
128,41.0,San Mateo,41,37.667295,-122.427285
129,40.0,Santa Clara,43,37.342186,-121.717706
130,40.0,Orange,30,33.7655,-117.6649
131,40.0,San Diego,37,0.0,0.0
132,40.0,Riverside,33,33.570291,-116.10815
133,40.0,Siskiyou,47,0.0,0.0
134,40.0,Riverside,33,33.9634,-117.2508
135,40.0,Riverside,33,34.001745,-117.302057
136,40.0,Riverside,33,33.655638,-116.161201
137,38.0,El Dorado,9,38.89555,-120.84716
138,38.0,Lake,17,39.1591,-122.5906
139,38.0,Alameda,1,37.74241,-121.86216
140,35.0,Fresno,10,36.763367,-119.558244
141,35.0,San Luis Obispo,40,35.49864,-120.91375
142,34.0,Shasta,45,0.0,0.0
143,33.0,Shasta,45,40.483662,-122.140914
144,31.0,Calaveras,5,37.965364,-120.696362
145,30.0,Lake,17,38.9777,-122.683
146,30.0,Lake,17,38.99233,-122.703193
147,30.0,San Bernardino,36,34.288877,-116.941311
148,28.0,Sonoma,"49,48,17,6",38.4229,-122.0437
149,28.0,Solano,"49,48,17,6",38.4229,-122.0437
150,28.0,Lake,"49,48,17,6",38.4229,-122.0437
151,28.0,Colusa,"49,48,17,6",38.4229,-122.0437
152,27.0,Shasta,45,40.473356,-122.48259
153,25.0,San Diego,37,32.612773,-116.707335
154,25.0,Lake,17,38.98058,-122.81796
155,25.0,Riverside,33,33.96201,-116.907213
156,23.0,Lake,17,38.9289,-122.5818
157,15.0,Mendocino,23,0.0,0.0
158,15.0,Riverside,33,33.94528,-117.09306
159,15.0,Madera,20,0.0,0.0
160,0.0,Humboldt,12,41.333,-123.376
161,0.0,Riverside,33,33.99647,-116.84137
162,97717.0,El Dorado,9,38.805437,-120.629714
163,50042.0,Siskiyou,47,0.0,0.0
164,39736.0,Shasta,45,40.901,-121.368
165,35302.0,Siskiyou,47,42.048,-122.345
166,32496.0,Siskiyou,47,0.0,0.0
167,32416.0,Shasta,45,40.72,-121.562
168,14416.0,San Diego,37,0.0,0.0
169,13838.0,Madera,20,0.0,0.0
170,13153.0,Modoc,25,41.1336,-121.2144
171,12661.0,Shasta,45,40.4314,-122.750788
172,12536.0,Mendocino,23,0.0,0.0
173,6488.0,Yolo,57,38.512,-122.104
174,6258.0,Shasta,45,41.141,-122.805
175,5503.0,Siskiyou,47,41.682,-122.127
176,5367.0,San Diego,37,33.3529,-117.284889
177,4840.0,Monterey,27,0.0,0.0
178,4772.0,Mariposa,22,0.0,0.0
179,4689.0,Mariposa,22,0.0,0.0
180,4300.0,Napa,"28,17",38.664,-122.454
181,4300.0,Lake,"28,17",38.664,-122.454
182,4240.0,Amador,"3,9",38.5691,-120.7819
183,4240.0,El Dorado,"3,9",38.5691,-120.7819
184,4045.0,Kern,15,35.7206,-118.4747
185,3895.0,Kern,15,35.70683,-118.555527
186,2143.0,San Bernardino,36,34.169346,-117.547374
187,1995.0,San Diego,37,33.1137,-117.1599
188,1952.0,Los Angeles,19,34.1703,-117.8816
189,1680.0,Kern,15,35.642,-118.15
190,1651.0,Modoc,25,41.89,-120.79
191,1548.0,San Diego,37,33.003,-117.133
192,1469.0,Modoc,25,41.489,-120.904
193,1457.0,San Diego,37,33.417572,-117.550567
194,1375.0,Shasta,45,40.7101,-122.171
195,1080.0,Mariposa,22,0.0,0.0
196,968.0,Orange,30,33.748,-117.601
197,865.0,Tehama,52,40.134597,-121.790183
198,677.0,Mariposa,22,0.0,0.0
199,632.0,Santa Barbara,42,34.609,-120.454
200,612.0,Madera,20,37.3433,-119.6581
201,600.0,San Diego,37,33.1109,-117.279
202,580.0,Trinity,53,40.7412,-122.946
203,516.0,Siskiyou,47,41.42384,-122.37432
204,487.0,Tuolumne,55,37.76617,-120.45087
205,459.0,Placer,31,0.0,0.0
206,403.0,Mendocino,23,0.0,0.0
207,400.0,Monterey,27,36.6313,-121.4819
208,389.0,Butte,4,0.0,0.0
209,380.0,San Diego,37,33.312,-117.162
210,350.0,Riverside,33,0.0,0.0
211,333.0,Humboldt,12,40.884415,-123.773779
212,320.0,Madera,20,37.311915,-119.604124
213,311.0,Mariposa,22,37.0,40.34
214,300.0,Mariposa,22,0.0,0.0
215,300.0,Merced,24,0.0,0.0
216,274.0,Los Angeles,19,34.267,-117.867
217,269.0,Tuolumne,55,37.787,-120.452
218,247.0,Nevada,29,39.113682,-120.999508
219,225.0,Tehama,52,40.009827,-122.345078
220,217.0,San Diego,37,33.078948,-116.576454
221,210.0,Humboldt,12,41.134,-123.753
222,190.0,Los Angeles,19,34.235,-117.771
223,175.0,Lake,17,39.1647,-122.5983
224,143.0,Shasta,45,40.6569,-122.2215
225,130.0,Mariposa,22,37.7103,-120.197
226,125.0,Santa Clara,43,0.0,0.0
227,125.0,San Diego,37,32.81,-116.49
228,120.0,Calaveras,5,120.679019,38.178241
229,120.0,Placer,31,0.0,0.0
230,113.0,Inyo,14,37.399,-118.352
231,106.0,Fresno,10,36.8266,-119.3415
232,105.0,San Diego,37,0.0,0.0
233,101.0,Modoc,25,41.507,-121.266
234,100.0,Lake,17,0.0,0.0
235,100.0,Riverside,33,0.0,0.0
236,94.0,El Dorado,9,38.59,-120.028
237,90.0,Mariposa,22,0.0,0.0
238,85.0,Calaveras,5,38.058,-120.66
239,84.0,Nevada,29,39.3918,-120.0805
240,80.0,Santa Clara,43,0.0,0.0
241,80.0,Contra Costa,7,37.5359,-121.5118
242,79.0,Mariposa,22,0.0,0.0
243,78.0,Riverside,33,0.0,0.0
244,75.0,Shasta,45,40.5719,-121.3415
245,75.0,Monterey,27,36.103,-121.117
246,72.0,Butte,4,39.4664,-121.6129
247,70.0,Tuolumne,55,37.8316,-120.3434
248,70.0,Kern,15,0.0,0.0
249,70.0,Solano,48,121.999,38.453
250,65.0,Inyo,14,0.0,0.0
251,62.0,Mendocino,23,0.0,0.0
252,60.0,Butte,4,0.0,0.0
253,57.0,Riverside,33,33.5982,-116.1985
254,56.0,San Diego,37,0.0,0.0
255,50.0,Shasta,45,40.39,-122.721
256,48.0,San Bernardino,36,33.93869,-117.70643
257,47.0,San Luis Obispo,",40",35.8218,-121.0226
258,40.0,Fresno,10,36.991825,-119.525506
259,38.0,Nevada,29,39.1871,-121.2687
260,37.0,Humboldt,12,0.0,0.0
261,37.0,Stanislaus,50,0.0,0.0
262,31.0,Riverside,33,0.0,0.0
263,30.0,Siskiyou,47,0.0,0.0
264,30.0,El Dorado,9,38.608336,-120.703238
265,29.0,San Diego,37,32.665,-116.222
266,27.0,Napa,28,38.695961,-122.384054
267,25.0,Ventura,56,0.0,0.0
268,25.0,Shasta,45,40.0,29.24
269,25.0,Fresno,10,36.742747,-119.241493
270,20.0,El Dorado,9,38.9195001,-120.1140659
271,20.0,San Diego,37,32.59154,-116.89516
272,18.0,Humboldt,12,0.0,0.0
273,15.0,Trinity,53,40.41,-123.24
274,14.0,Placer,31,0.0,0.0
275,14.0,Riverside,33,0.0,0.0
276,10.0,Madera,20,37.0,18.4
277,6.0,Napa,28,0.0,0.0
278,0.0,Siskiyou,47,41.796,-123.374
279,151623.0,Fresno,10,36.874,-118.905
280,77081.0,Trinity,53,0.0,0.0
281,69438.0,Lake,17,38.8863538,-122.4762475
282,36503.0,Trinity,53,0.0,0.0
283,31359.0,San Bernardino,36,34.160277777778,-116.89277777778
284,30361.0,Del Norte,8,0.0,0.0
285,29416.0,Trinity,53,0.0,0.0
286,25118.0,Lake,"17,28",38.8142503,-122.4867319
287,25118.0,Napa,"17,28",38.8142503,-122.4867319
288,10570.0,Lassen,18,40.938,-120.105
289,7509.0,Del Norte,8,0.0,0.0
290,7000.0,Inyo,"14,26",0.0,0.0
291,7000.0,Mono,"14,26",0.0,0.0
292,6980.0,Tulare,54,36.24,-118.54
293,5702.0,Madera,20,37.279722,-119.50014
294,4883.0,Humboldt,12,0.0,0.0
295,4863.0,Modoc,25,41.399,-121.392
296,4250.0,San Bernardino,36,34.339,-117.478
297,3676.0,Mono,26,0.0,0.0
298,2700.0,Alameda,1,37.3845,-121.3732
299,2446.0,San Luis Obispo,40,35.3477,-120.6269
300,2304.0,Nevada,29,39.192088,-120.882313
301,1850.0,San Diego,37,0.0,0.0
302,1791.0,San Luis Obispo,40,0.0,0.0
303,1542.0,Trinity,53,40.924,-123.168
304,1450.0,Merced,24,0.0,0.0
305,1333.0,Merced,24,0.0,0.0
306,1086.0,Monterey,27,36.3699644,-121.589554
307,1049.0,Riverside,33,33.884313,-117.642759
308,1042.0,Butte,4,39.5218,-121.3363
309,920.0,Madera,20,37.165767,-119.523943
310,860.0,Butte,4,0.0,0.0
311,673.0,Lake,17,55.23,-122.0
312,670.0,San Benito,35,36.70854,-121.32734
313,543.0,Riverside,33,33.5736,-116.5387
314,509.0,Mono,26,0.0,0.0
315,500.0,Madera,20,0.0,0.0
316,430.0,Tulare,54,36.085212,-118.824235
317,415.0,Mariposa,22,0.0,0.0
318,415.0,Los Angeles,19,34.361007,-118.535793
319,400.0,Butte,4,39.43963,-121.38794
320,374.0,Los Angeles,19,0.0,0.0
321,355.0,Amador,3,0.0,0.0
322,300.0,Los Angeles,19,0.0,0.0
323,300.0,Alameda,1,0.0,0.0
324,282.0,Ventura,56,0.0,0.0
325,275.0,Merced,24,37.08312,-121.06963
326,242.0,Alameda,1,0.0,0.0
327,227.0,Mendocino,23,0.0,0.0
328,215.0,Santa Clara,43,0.0,0.0
329,215.0,Lake,17,38.925764,-122.879272
330,214.0,Orange,30,33.7626,-117.7274
331,212.0,Shasta,45,40.415108,-122.439939
332,211.0,Santa Barbara,42,0.0,0.0
333,204.0,Tuolumne,55,37.823,-120.15644
334,200.0,Los Angeles,19,34.367,-117.683
335,200.0,Siskiyou,47,41.485,-121.851
336,195.0,Contra Costa,7,37.81629,-121.68113
337,186.0,Ventura,56,0.0,0.0
338,181.0,Siskiyou,47,41.8048,-122.5029
339,171.0,San Diego,37,32.9421,-116.8534
340,170.0,Fresno,10,40.400196,-120.553075
341,170.0,Tehama,52,39.8448,-122.3638
342,167.0,Kern,15,0.0,0.0
343,167.0,San Diego,37,33.383889,-116.868611
344,164.0,Ventura,56,0.0,0.0
345,158.0,Humboldt,12,41.295667,-123.784067
346,158.0,Yuba,58,39.2688,-121.26471
347,150.0,Solano,48,38.4113,-122.0789
348,150.0,Riverside,33,0.0,0.0
349,146.0,Humboldt,12,40.1058823,-124.0720419
350,137.0,Plumas,32,40.050833333333,-120.70166666667
351,135.0,Madera,20,37.072561,-119.6958
352,128.0,Trinity,53,40.724898,-122.96174
353,122.0,San Joaquin,39,0.0,0.0
354,116.0,Modoc,25,41.29226,-121.172117
355,114.0,Calaveras,5,38.052,-120.5577
356,112.0,Tuolumne,55,37.83618,-120.61691
357,111.0,Lassen,18,0.0,0.0
358,110.0,Sacramento,34,0.0,0.0
359,110.0,Tehama,52,40.3506868,-121.7786799
360,110.0,Placer,31,0.0,0.0
361,109.0,Shasta,45,40.47512,-122.52541
362,108.0,Tuolumne,55,38.04684,-120.30188
363,104.0,Butte,4,39.8707,-121.8938
364,100.0,San Bernardino,36,34.165974,-117.243878
365,95.0,Monterey,27,36.5696373,-121.7556029
366,95.0,San Luis Obispo,40,35.7183,-121.0157
367,90.0,Shasta,45,40.49865,-122.20109
368,86.0,Tulare,54,36.49845,-118.9009
369,80.0,San Diego,37,32.6449163,-116.9454387
370,80.0,Riverside,33,0.0,0.0
371,77.0,Modoc,25,40.856422,-121.101623
372,75.0,Shasta,45,40.67868,-121.93244
373,75.0,Shasta,45,40.509552,-122.199227
374,75.0,El Dorado,9,38.776,-120.404
375,75.0,Butte,4,0.0,0.0
376,72.0,Butte,4,26.42,-121.0
377,69.0,Siskiyou,47,0.0,0.0
378,67.0,Kern,15,35.77937,-120.19482
379,65.0,San Bernardino,36,0.0,0.0
380,60.0,Fresno,10,0.0,0.0
381,60.0,Lassen,18,40.875667,-121.033667
382,60.0,Riverside,33,0.0,0.0
383,60.0,Mariposa,22,0.0,0.0
384,60.0,Amador,3,38.260777,-121.135426
385,59.0,Shasta,45,40.3929,-122.40546
386,58.0,Siskiyou,47,0.0,0.0
387,55.0,San Bernardino,36,34.23,-116.883
388,55.0,San Diego,37,33.4115972,-117.2886249
389,55.0,Tehama,52,40.0133,-122.552
390,54.0,San Bernardino,36,34.0783472,-117.0487863
391,53.0,Alameda,1,0.0,0.0
392,52.0,Santa Barbara,42,34.9522,-120.2903
393,50.0,Ventura,56,34.15,-118.879444
394,50.0,Mendocino,23,39.43301,-123.36316
395,45.0,Kern,15,0.0,0.0
396,45.0,Alameda,1,0.0,0.0
397,45.0,Fresno,10,0.0,0.0
398,43.0,Modoc,25,0.0,0.0
399,42.0,Santa Clara,43,0.0,0.0
400,40.0,Lassen,18,40.400196,-120.553075
401,40.0,Stanislaus,50,37.24523,-121.20324
402,40.0,Solano,48,38.1029,-122.1578
403,38.0,Napa,28,38.5287,-122.3415
404,36.0,Napa,28,0.0,0.0
405,35.0,Trinity,53,40.0,41.46
406,35.0,El Dorado,9,0.0,0.0
407,35.0,Mendocino,23,39.7806004,-123.248214
408,30.0,Nevada,29,39.081,-121.194
409,30.0,Lassen,18,41.12362,-121.194256
410,30.0,Yuba,58,39.33303,-121.18735
411,29.0,Ventura,56,0.0,0.0
412,26.0,Placer,31,38.9361,-121.1548
413,25.0,San Diego,37,32.682547,-116.51684
414,25.0,San Benito,35,36.8727,-121.5681
415,25.0,San Diego,37,33.21407,-116.73472
416,25.0,El Dorado,9,0.0,0.0
417,25.0,Mariposa,22,0.0,0.0
418,25.0,Lake,17,0.0,0.0
419,25.0,Riverside,33,0.0,0.0
420,24.0,Siskiyou,47,41.999341,-121.891226
421,23.0,Mendocino,23,39.0263,-123.303
422,22.0,Lake,17,38.831478,-122.53428
423,21.0,Santa Barbara,42,34.4828,-119.63216
424,21.0,Riverside,33,33.986204,-117.43942
425,20.0,Humboldt,12,41.1513,-123.8292
426,19.0,Napa,28,38.519132,-122.181878
427,18.0,Shasta,45,40.5953,-122.4397
428,16.0,Humboldt,12,40.1093,-123.774
429,0.0,Trinity,53,0.0,0.0
430,0.0,Alpine,2,38.598056,-119.751944
431,132127.0,Monterey,27,36.45994,-121.89938
432,48019.0,Kern,15,35.6115,-118.45628
433,46344.0,San Luis Obispo,40,35.70595,-120.98316
434,36274.0,San Bernardino,36,34.30372,-117.49342
435,33867.0,Siskiyou,47,41.851,-123.118
436,32606.0,Santa Barbara,42,0.0,0.0
437,29322.0,Kern,15,35.7506,-118.5678
438,12518.0,Santa Barbara,42,34.63445,-120.54421
439,8110.0,San Bernardino,36,34.28771,-117.27338
440,7609.0,San Diego,37,32.60729,-116.63028
441,7474.0,Santa Barbara,42,34.776,-119.643
442,7050.0,Fresno,10,36.09974,-120.51057
443,5731.0,Yolo,57,38.52513,-122.06788
444,5646.0,El Dorado,"9,31",38.96741,-120.9375
445,5646.0,Placer,"9,31",38.96741,-120.9375
446,5443.0,Inyo,14,37.75985,-118.95309
447,5399.0,Los Angeles,19,0.0,0.0
448,4824.0,Los Angeles,19,34.31,-118.335
449,4474.0,Santa Clara,43,37.10632,-121.85318
450,4347.0,Tulare,54,35.984,-118.551
451,3929.0,Lake,17,38.89741,-122.60664
452,3876.0,Monterey,27,36.38123,-121.20059
453,3712.0,San Luis Obispo,40,0.0,0.0
454,2944.0,Fresno,10,36.0749,-120.452041
455,2860.0,Siskiyou,47,41.623,-123.557
456,2819.0,Mono,26,0.0,0.0
457,2652.0,Modoc,25,41.2649,-120.3178
458,2575.0,Lassen,18,40.3915,-120.7845
459,2520.0,Monterey,27,36.01542,-121.25029
460,2304.0,Ventura,56,34.701,-119.144
461,2241.0,Fresno,10,37.01591,-119.50507
462,2100.0,Fresno,10,36.94536,-119.25959
463,1785.0,Kern,15,35.20993,-118.72272
464,1547.0,Sonoma,49,38.80017,-122.82895
465,1470.0,Riverside,33,0.0,0.0
466,1246.0,Merced,24,37.07147,-121.20155
467,1245.0,San Diego,37,33.393,-117.35093
468,1109.0,Los Angeles,19,34.36763,-118.57245
469,1080.0,Tuolumne,55,37.79635,-120.32484
470,850.0,Butte,4,39.6871,-121.571
471,710.0,Siskiyou,47,41.7813,-122.611
472,650.0,Mono,26,37.97,-119.14
473,599.0,Humboldt,12,41.28486,-123.82268
474,554.0,Kern,15,34.913,118.9082
475,550.0,Butte,4,39.6708,-121.7192
476,518.0,Kern,15,35.2013,-118.7212
477,464.0,Tehama,52,40.0353,-122.56939
478,450.0,Calaveras,5,38.1874,-120.6381
479,441.0,Shasta,45,40.36873,-122.72913
480,400.0,Yuba,58,36.16965,-121.38775
481,395.0,Tulare,54,36.1648,-118.73906
482,380.0,Modoc,25,41.4657,-120.9066
483,372.0,Amador,3,38.385,-121.003611
484,360.0,Tehama,52,40.30594,-122.1295
485,341.0,Calaveras,5,38.08056,-120.81394
486,310.0,Calaveras,5,38.02845,-120.61153
487,306.0,Kern,15,0.0,0.0
488,304.0,Kern,15,35.4976,-118.5097
489,300.0,Sutter,51,39.188321,-121.78003
490,278.0,Fresno,10,36.88286,-119.654
491,277.0,Yolo,57,38.69971,-122.15457
492,248.0,Plumas,32,39.92,-121.32
493,237.0,San Benito,35,0.0,0.0
494,221.0,Kern,15,35.68313,-118.21793
495,215.0,Santa Barbara,42,34.75134,-120.55297
496,215.0,Lake,17,39.12366,-122.50373
497,211.0,Alameda,1,37.74369,-121.58677
498,210.0,Amador,3,38.26874,-120.90265
499,188.0,Fresno,10,36.92244,-119.39619
500,176.0,El Dorado,9,38.93449,-120.10744
501,173.0,Riverside,33,0.0,0.0
502,169.0,Placer,31,38.8390117,-121.3090268
503,158.0,Fresno,10,36.84479,-119.34487
504,156.0,Los Angeles,19,34.276,-118.354
505,151.0,Fresno,10,0.0,0.0
506,150.0,Del Norte,8,37.75972,-120.029626
507,150.0,Orange,30,33.6542,-117.5221
508,150.0,San Luis Obispo,40,35.61961,-120.39993
509,147.0,San Joaquin,39,37.62215,-121.36665
510,145.0,Fresno,10,36.14161,-120.62048
511,140.0,Stanislaus,50,0.0,0.0
512,139.0,Riverside,33,33.476894,-117.140883
513,138.0,Kern,15,35.60748,-118.94811
514,132.0,Fresno,10,36.78769,-119.38248
515,130.0,Butte,4,39.4403,-121.42647
516,123.0,Fresno,10,37.0099,-119.5792
517,122.0,Mono,26,0.0,0.0
518,120.0,Stanislaus,50,37.17072,-121.42238
519,114.0,Santa Clara,43,37.41896,-121.79669
520,112.0,Butte,4,39.595,-121.6008
521,103.0,Madera,20,37.25601,-119.65776
522,100.0,Shasta,45,40.0,-121.93923
523,100.0,Santa Clara,43,0.0,0.0
524,100.0,Kern,15,35.24504,-118.60344
525,100.0,Stanislaus,50,0.0,0.0
526,100.0,Monterey,27,35.85093,-120.81081
527,100.0,San Diego,37,32.9612,-116.7945
528,95.0,San Benito,35,5487.0,-120.841536
529,91.0,Butte,4,39.33035,-121.78973
530,88.0,Butte,4,39.79547,-121.71662
531,88.0,Tehama,52,40.07846,-122.2071
532,88.0,Placer,31,38.86804,-121.37704
533,87.0,Sacramento,34,38.517772,-121.103642
534,86.0,San Luis Obispo,40,35.70821,-120.82266
535,85.0,Madera,20,37.3228,-119.7738
536,85.0,Tuolumne,55,37.927613,-120.528836
537,84.0,Yolo,57,38.8866,-122.04726
538,83.0,Calaveras,5,0.0,0.0
539,83.0,San Benito,35,36.49914,-121.04993
540,80.0,Tehama,52,40.19611,-122.26736
541,80.0,Madera,20,0.0,0.0
542,80.0,Tehama,52,39.7947,-121.857
543,78.0,Ventura,56,36.92244,-119.39619
544,75.0,Shasta,45,40.68192,-122.4096
545,70.0,Fresno,10,36.6543,-119.5327
546,70.0,Monterey,27,36.2833,-121.3306
547,70.0,San Diego,37,33.41639,-117.08829
548,69.0,Lake,17,39.0863,-122.7891
549,65.0,Napa,28,38.40958,-122.43172
550,61.0,Kern,15,35.77135,-120.251
551,57.0,Solano,48,38.33475,-122.02564
552,57.0,Calaveras,5,37.98171,-120.64241
553,56.0,Siskiyou,47,0.0,0.0
554,52.0,Monterey,27,36.1934,-120.9293
555,50.0,Mendocino,23,39.7299,-123.5044
556,50.0,San Bernardino,36,34.3183,-117.3189
557,50.0,El Dorado,9,38.79549,-121.00299
558,50.0,Ventura,56,0.0,0.0
559,49.0,Butte,4,39.43351,-121.6051
560,47.0,Nevada,29,39.20427,-121.05948
561,47.0,Orange,30,33.57872,-117.77395
562,45.0,Amador,3,38.5212,-120.8416
563,45.0,Lake,17,36.09974,-120.51057
564,45.0,Ventura,56,34.27619,-118.63264
565,43.0,Tehama,52,39.93965,-122.40142
566,43.0,Kern,15,0.0,0.0
567,42.0,Lassen,18,0.0,0.0
568,40.0,Sacramento,34,38.558,-121.1309
569,40.0,Riverside,33,0.0,0.0
570,40.0,Contra Costa,7,38.01264,-122.1885
571,38.0,Nevada,29,39.39051,-120.51887
572,38.0,Madera,20,37.24006,-119.4741
573,36.0,Mendocino,23,39.8748511,-123.4267011
574,36.0,Lake,17,38.68403,-122.26015
575,35.0,San Diego,37,33.22558,-117.14547
576,35.0,Shasta,45,40.61213,-122.47091
577,35.0,Butte,4,0.0,0.0
578,35.0,Calaveras,5,37.96311,-120.67335
579,33.0,Calaveras,5,38.22017,-120.8678
580,32.0,Siskiyou,47,41.6314,-122.7933
581,32.0,Tuolumne,55,37.81434,-120.69521
582,32.0,Sacramento,34,38.3131,-121.06452
583,30.0,Butte,4,39.8851,-121.6998
584,30.0,Inyo,14,36.58972,-118.15589
585,30.0,San Benito,35,36.80296,-121.40304
586,30.0,Butte,4,39.624017,-121.595093
587,30.0,Merced,24,37.2171,-121.08036
588,28.0,San Diego,37,33.254355,-117.158475
589,28.0,San Diego,37,33.00056,-116.9571
590,26.0,Amador,3,38.2581,-120.8657
591,26.0,Siskiyou,47,41.96191,-122.59328
592,25.0,Santa Clara,43,37.11831,-121.69784
593,25.0,Santa Clara,43,37.06531,-121.68577
594,25.0,El Dorado,9,0.0,0.0
595,25.0,Lake,17,0.0,0.0
596,25.0,El Dorado,9,38.64107,-120.6955
597,25.0,Monterey,27,35.8378273,-121.0381507
598,24.0,Shasta,45,40.61388,-122.46777
599,23.0,Humboldt,12,40.4572,-124.05804
600,23.0,Siskiyou,47,41.71847,-122.36924
601,21.0,Humboldt,12,40.9878,-123.77832
602,20.0,San Bernardino,36,34.25858,-117.4415
603,20.0,Lake,17,39.1408865,-122.9148951
604,20.0,Ventura,56,0.0,0.0
605,19.0,Amador,3,0.0,0.0
606,15.0,Ventura,56,33.11645,-116.58542
607,11.0,Tehama,52,0.0,0.0
608,11.0,Shasta,45,0.0,0.0
609,10.0,Tulare,54,36.217,-118.551
610,0.0,Alpine,2,38.57554,-120.00606
611,0.0,Los Angeles,19,0.0,0.0
612,0.0,San Luis Obispo,40,35.01382,-119.58206
613,0.0,Los Angeles,19,0.0,0.0
614,0.0,Tulare,54,35.84883,-118.08591
615,0.0,Los Angeles,19,34.6888731,-118.7892593
616,281893.0,Santa Barbara,"42,56",34.41521,-119.09124
617,281893.0,Ventura,"42,56",34.41521,-119.09124
618,83733.0,Lassen,18,40.07045,-120.14013
619,83120.0,Modoc,25,0.0,0.0
620,81826.0,Mariposa,22,37.61757,-120.21321
621,78698.0,Siskiyou,47,41.841,-123.474
622,56556.0,Napa,"28,49",38.4041,-122.5209
623,56556.0,Sonoma,"28,49",38.4041,-122.5209
624,51624.0,Napa,"28,48",38.39206,-122.24367
625,51624.0,Solano,"28,48",38.39206,-122.24367
626,48889.0,Kings,16,35.93273,-120.20014
627,39715.0,Siskiyou,47,42.039,-123.218
628,36807.0,Napa,"28,49",38.60895,-122.62879
629,36807.0,Sonoma,"28,49",38.60895,-122.62879
630,36556.0,Tulare,54,36.15356,-118.74103
631,36523.0,Mendocino,23,39.24873,-123.16635
632,28687.0,San Luis Obispo,40,35.0179,-120.3223
633,27276.0,Siskiyou,47,41.59,-123.501
634,21846.0,Trinity,53,40.76025,-123.10003
635,18900.0,Tulare,54,36.27138,-118.48555
636,18618.0,Lassen,18,40.69573,-119.93499
637,18430.0,Santa Barbara,42,34.55096,-119.9494
638,17357.0,Sonoma,49,38.76549,-122.90939
639,16031.0,Tulare,54,0.0,0.0
640,15619.0,Los Angeles,19,34.31283,-118.35863
641,13417.0,Trinity,53,40.2275,-123.03583
642,12407.0,Madera,20,37.44663,-119.64622
643,10343.0,Fresno,10,36.12089,-120.37116
644,9989.0,Yuba,58,39.32198,-121.4021
645,9217.0,Orange,30,33.87041,-117.70975
646,8925.0,Mono,26,38.655,-119.55425
647,8417.0,Butte,4,39.62496,-121.52966
648,8094.0,Mariposa,22,37.644,-119.618
649,7697.0,Modoc,25,41.466,-120.321
650,7194.0,Los Angeles,19,34.22957,-118.2674
651,7000.0,Mariposa,22,37.538,-119.598
652,6309.0,Riverside,33,33.530045,-116.594422
653,6151.0,Butte,4,39.39455,-121.40613
654,6049.0,Los Angeles,19,34.45283,-118.58188
655,6042.0,Lassen,18,40.43962,-120.22215
656,6033.0,Butte,4,39.45352,-121.41222
657,5738.0,Fresno,10,36.07228,-120.26561
658,5247.0,Stanislaus,50,38.329,-119.782
659,4736.0,Trinity,53,40.17598,-123.36882
660,4310.0,Plumas,32,39.9034,-120.9761
661,4100.0,San Diego,37,33.3237,-117.163
662,4016.0,Butte,4,39.57701,-121.30209
663,3874.0,Riverside,33,33.97471,-117.09984
664,3142.0,Siskiyou,47,41.853,-123.676
665,2940.0,Kern,15,35.77896,-118.89627
666,2662.0,Orange,30,33.8668,-117.68598
667,2575.0,Plumas,32,39.75312,-120.75485
668,2312.0,Kings,16,36.05187,-120.05404
669,2295.0,Tulare,54,36.257,-118.296
670,2289.0,Tulare,54,36.0226,-118.94252
671,2269.0,Yolo,57,38.49521,-122.0251
672,2207.0,Lake,17,39.01387,-122.64543
673,2056.0,San Diego,37,32.65597,-116.80527
674,1868.0,Sonoma,49,0.0,0.0
675,1816.0,Monterey,"27,40",35.86949,-120.57894
676,1816.0,San Luis Obispo,"27,40",35.86949,-120.57894
677,1800.0,Merced,24,36.96655,-120.89261
678,1749.0,Stanislaus,50,38.12,-119.941
679,1660.0,Sonoma,49,38.14242,-122.47301
680,1649.0,Fresno,10,35.95911,-120.55579
681,1626.0,Kern,15,35.59904,-119.08312
682,1598.0,San Luis Obispo,40,35.4025,-120.4992
683,1538.0,Fresno,10,36.269125,-120.620791
684,1522.0,Kern,15,35.53456,-118.66733
685,1503.0,San Bernardino,36,34.2976,-116.826
686,1431.0,Madera,20,37.0825,-119.8011
687,1350.0,Kern,15,35.543,-118.654
688,1350.0,Riverside,33,34.00566,-117.30693
689,1319.0,Kern,15,35.76,-118.406
690,1286.0,Sacramento,34,38.5181,-121.104
691,1200.0,Kern,15,35.38298,-118.80123
692,1088.0,San Diego,37,33.402411,-117.402445
693,1083.0,Kern,15,34.94373,-119.44751
694,1044.0,Riverside,33,33.98212,-117.30819
695,1035.0,Madera,20,37.21616,-119.48067
696,1020.0,Plumas,32,39.75371,-120.1397
697,1000.0,San Diego,37,33.34988,-117.39818
698,995.0,Shasta,45,40.98352,-121.81623
699,976.0,Fresno,10,36.530836,-120.206592
700,900.0,Mendocino,23,39.30125,-123.28825
701,867.0,Yuba,58,39.1234,-121.32957
702,866.0,Riverside,33,33.60247,-117.34192
703,859.0,Lassen,18,39.888,-120.066
704,821.0,Nevada,29,39.24549,-121.12792
705,800.0,Los Angeles,19,34.55607,-118.60703
706,775.0,San Luis Obispo,40,35.7908,-120.77485
707,760.0,Los Angeles,19,34.37443,-118.49343
708,747.0,Sierra,46,39.439722,-120.027222
709,690.0,Tuolumne,55,37.905545,-120.408135
710,680.0,Mariposa,22,37.37397,-119.83556
711,670.0,San Bernardino,36,34.14575,-117.17813
712,630.0,Mariposa,22,37.3762,-119.9646
713,562.0,Modoc,25,41.85763,-121.29581
714,545.0,Riverside,33,33.95036,-116.88066
715,530.0,Lassen,18,41.11989,-120.74968
716,506.0,Kern,15,35.4605,-118.85896
717,486.0,San Diego,37,33.3906,-117.32348
718,469.0,Siskiyou,47,41.3975,-122.8428
719,460.0,San Luis Obispo,40,35.40357,-120.28037
720,460.0,San Bernardino,36,34.09773,-117.10567
721,450.0,Fresno,10,36.616986,-120.369347
722,444.0,Santa Barbara,42,34.67403,-120.4393
723,429.0,Madera,20,37.14624,-120.015509
724,426.0,El Dorado,9,38.848,-120.287
725,422.0,Los Angeles,19,34.09454,-118.48178
726,416.0,Tulare,54,36.22265,-119.06598
727,410.0,Modoc,25,41.72163,-121.30451
728,400.0,San Diego,37,32.84796,-116.85396
729,400.0,Fresno,10,36.45491,-120.2445
730,392.0,Nevada,29,39.34292,-121.12004
731,391.0,Santa Cruz,44,37.18356,-122.07012
732,380.0,Modoc,25,41.16716,-120.58342
733,370.0,Mono,26,38.46111,-119.48284
734,370.0,Contra Costa,7,38.02929,-122.25544
735,357.0,Fresno,10,36.27306,-120.65185
736,340.0,San Luis Obispo,40,35.42433,-120.47322
737,339.0,Tulare,54,36.45809,-118.87676
738,338.0,Kern,15,34.92907,-118.9267
739,325.0,San Bernardino,36,34.08492,-117.03826
740,319.0,Del Norte,8,41.478,-123.506
741,300.0,Riverside,33,33.59257,-117.14979
742,288.0,Kern,15,35.41283,-118.84466
743,260.0,San Bernardino,36,34.16564,-117.33334
744,255.0,San Diego,37,33.34659,-116.66107
745,245.0,San Luis Obispo,40,35.12269,-120.39387
746,237.0,Fresno,10,36.24653,-120.31598
747,236.0,El Dorado,9,38.538332,-121.039267
748,231.0,Contra Costa,7,37.87808,-121.78677
749,225.0,Mariposa,22,37.4591,-119.921
750,225.0,San Luis Obispo,40,35.34541,-120.76464
751,225.0,San Luis Obispo,40,35.21177,-119.87525
752,206.0,Kern,15,35.59804,-118.47939
753,205.0,Riverside,33,33.85323,-117.48195
754,200.0,Lake,17,39.44543,-122.85194
755,200.0,Alameda,1,37.72543,-121.90516
756,200.0,San Diego,37,32.65003,-116.42907
757,200.0,Riverside,33,33.689092,-117.396404
758,194.0,Tehama,52,40.02261,-121.91425
759,190.0,Santa Barbara,42,34.9465,-119.8036
760,186.0,Plumas,32,39.9864,-120.89746
761,186.0,Fresno,10,36.704679,-120.405077
762,184.0,Kern,15,35.3091,-118.701
763,183.0,Kern,15,35.19008,-118.76152
764,180.0,Shasta,45,40.47106,-122.43608
765,170.0,San Bernardino,36,34.41204,-117.03031
766,168.0,Riverside,33,33.87679,-117.00258
767,168.0,Sierra,46,39.71101,-120.02325
768,166.0,Butte,4,39.37192,-121.53865
769,157.0,Lassen,18,40.80968,-120.48641
770,157.0,Madera,20,37.12759,-120.0193
771,155.0,Alameda,1,37.63358,-121.49925
772,155.0,Siskiyou,47,41.9808,-121.9741
773,153.0,Riverside,33,33.98639,-117.21314
774,150.0,Butte,4,39.74679,-121.67261
775,150.0,San Luis Obispo,40,35.7751,-120.23656
776,150.0,San Luis Obispo,40,35.6871,-120.3187
777,150.0,Madera,20,36.90967,-119.79315
778,150.0,San Bernardino,36,34.30104,-117.45646
779,148.0,Trinity,53,40.46836,-123.51619
780,146.0,Mendocino,23,39.02482,-123.1362
781,143.0,Butte,4,40.07613,-121.56858
782,140.0,El Dorado,9,38.559707,-120.70013
783,136.0,El Dorado,9,38.5758,-120.915
784,135.0,Los Angeles,19,34.792882,-118.851943
785,135.0,Tulare,54,35.8556,-118.74542
786,134.0,Butte,4,39.69717,-121.75417
787,130.0,Calaveras,5,38.40234,-120.52953
788,130.0,San Diego,37,32.6001,-116.76997
789,130.0,San Luis Obispo,40,35.78286,-120.22647
790,128.0,Shasta,45,40.69554,-122.0122
791,126.0,Fresno,10,36.5355,-120.6585
792,125.0,Mariposa,22,37.62823,-120.30046
793,124.0,Tuolumne,55,37.90014,-120.36005
794,122.0,Riverside,33,34.009026,-117.239099
795,120.0,San Luis Obispo,40,35.31886,-120.50886
796,120.0,Riverside,33,33.88287,-116.99651
797,117.0,Calaveras,5,38.29113,-120.62177
798,116.0,Alameda,1,37.7393,-121.85663
799,114.0,Napa,28,38.49336,-122.2483
800,111.0,Fresno,10,36.93332,-119.43376
801,111.0,Butte,4,39.38416,-121.5786
802,105.0,San Luis Obispo,40,35.3024,-120.65279
803,105.0,Riverside,33,33.950382,-116.884446
804,103.0,Butte,4,39.76243,-121.74121
805,102.0,Fresno,10,36.36113,-120.32685
806,101.0,Santa Clara,43,37.39801,-121.8179
807,100.0,San Diego,37,32.64962,-116.37345
808,100.0,Sonoma,49,38.46123,-122.58152
809,100.0,Lake,17,39.0199,-122.57487
810,100.0,Solano,48,38.43658,-121.97233
811,100.0,Santa Clara,43,36.99092,-121.59899
812,100.0,Fresno,10,36.09486,-120.52189
813,100.0,Santa Clara,43,37.14653,-121.68165
814,100.0,San Bernardino,36,34.19076,-117.26969
815,99.0,San Bernardino,36,34.035344,-116.940661
816,92.0,Riverside,33,33.57139,-116.8247
817,91.0,Fresno,10,36.95104,-119.65621
818,91.0,Butte,4,39.52499,-121.64897
819,90.0,Madera,20,37.09773,-120.02027
820,87.0,Lake,17,39.15016,-122.576
821,86.0,Ventura,56,34.34949,-119.30918
822,85.0,Riverside,33,117.337331,34.015742
823,85.0,Humboldt,12,40.11794,-123.76099
824,85.0,San Bernardino,36,34.20152,-117.14466
825,85.0,Santa Clara,43,37.3344,-121.71752
826,82.0,Monterey,27,35.86596,-120.64584
827,81.0,San Diego,37,33.38613,-117.46709
828,80.0,El Dorado,9,38.869036,-119.61865
829,79.0,Plumas,32,40.13278,-120.9204
830,79.0,Tulare,54,35.89423,-119.00334
831,78.0,Santa Clara,43,36.96607,-121.55552
832,78.0,Tehama,52,40.38944,-122.13088
833,76.0,Nevada,29,39.19325,-121.08406
834,76.0,Fresno,10,36.8005,-119.35901
835,74.0,San Luis Obispo,40,35.5956,-120.56068
836,74.0,El Dorado,9,38.7803,-120.97111
837,74.0,San Bernardino,36,34.07612,-117.06765
838,73.0,San Luis Obispo,40,35.78616,-120.96514
839,72.0,Riverside,33,33.75526,-117.25075
840,70.0,San Luis Obispo,40,35.4403,-120.2913
841,70.0,Colusa,6,39.01224,-122.20127
842,70.0,Santa Clara,43,37.25014,-121.68562
843,70.0,Fresno,10,36.60736,-120.5828
844,69.0,Fresno,10,36.7279,-119.28241
845,68.0,Sacramento,34,38.33707,-121.11113
846,67.0,Lassen,18,40.03392,-120.1064
847,65.0,Stanislaus,50,37.82934,-120.68992
848,63.0,Riverside,33,33.81976,-117.18552
849,63.0,Mariposa,22,37.36914,-120.0088
850,62.0,San Diego,37,33.20988,-116.46989
851,62.0,Lake,17,38.94599,-122.81135
852,62.0,Stanislaus,50,37.64898,-120.4925
853,60.0,Tehama,52,40.32063,-122.83208
854,59.0,Tulare,54,36.18815,-118.78928
855,59.0,Calaveras,5,38.18303,-120.85322
856,58.0,Fresno,10,36.7528,-119.2288
857,58.0,Lake,17,39.42604,-123.03344
858,58.0,Tulare,54,36.64404,-118.99944
859,58.0,San Luis Obispo,40,35.346,-120.62825
860,57.0,Tehama,52,40.1583,-122.3209
861,57.0,Fresno,10,36.81476,-119.51592
862,56.0,Siskiyou,47,41.93006,-122.36545
863,55.0,Solano,48,38.4446,-122.0041
864,55.0,Siskiyou,47,41.99483,-121.90077
865,55.0,Los Angeles,19,34.03941,-118.58624
866,54.0,Siskiyou,47,41.222,-122.292
867,54.0,Siskiyou,47,41.222,-122.27499
868,54.0,Santa Clara,43,37.33454,-121.76323
869,51.0,Santa Clara,43,37.44485,-121.84108
870,50.0,Kern,15,35.21556,-118.56578
871,50.0,Riverside,33,33.8826,-117.00589
872,50.0,Los Angeles,19,34.22551,-118.05545
873,50.0,San Mateo,41,37.41591,-122.3001
874,50.0,Kern,15,35.70639,-118.47307
875,50.0,Santa Barbara,42,34.72379,-120.13249
876,50.0,Yuba,58,39.06308,-121.303
877,50.0,Ventura,56,34.20599,-118.98603
878,50.0,Riverside,33,33.87739,-117.16215
879,50.0,San Diego,37,33.23281,-117.29509
880,48.0,Madera,20,36.94652,-120.90462
881,48.0,Riverside,33,33.58577,-116.07429
882,47.0,San Benito,35,36.38109,-121.00391
883,47.0,San Luis Obispo,40,35.06472,-120.5634
884,46.0,Riverside,33,33.6444,-117.3968
885,46.0,San Bernardino,36,34.149,-117.189
886,46.0,Siskiyou,47,41.8721,-122.4571
887,45.0,Riverside,33,33.9885,-117.38417
888,45.0,San Luis Obispo,40,35.28738,-120.44448
889,45.0,Shasta,45,40.48712,-121.85645
890,44.0,Alameda,1,37.56181,-121.56425
891,43.0,Tehama,52,39.81517,-122.28165
892,43.0,Monterey,27,36.17297,-120.87609
893,42.0,Monterey,27,35.96275,-121.08753
894,42.0,Tehama,52,40.10282,-122.27379
895,42.0,Modoc,25,41.38247,-120.53443
896,41.0,Siskiyou,47,41.99279,-122.9401
897,41.0,Los Angeles,19,34.10446,-118.70294
898,41.0,Kern,15,35.05076,-118.90004
899,40.0,Riverside,33,33.96514,-117.4764
900,40.0,Riverside,33,33.90327,-116.50151
901,40.0,San Bernardino,36,34.13534,-117.4982
902,40.0,Shasta,45,40.70627,-122.24199
903,40.0,Kern,15,35.59302,-118.46734
904,40.0,Del Norte,8,41.98128,-124.01168
905,40.0,Humboldt,12,41.02705,-123.63721
906,40.0,Tehama,52,40.29831,-122.70449
907,40.0,Lake,17,38.86056,-122.62382
908,40.0,Monterey,27,36.66684,-121.74826
909,39.0,Tuolumne,55,37.896778,-120.504134
910,39.0,Yuba,58,39.06522,-121.3519
911,39.0,Solano,48,38.07481,-122.23004
912,38.0,Marin,21,37.9775,-122.65749
913,38.0,Tuolumne,55,37.85137,-120.45268
914,37.0,Shasta,45,40.774,-122.309
915,36.0,Mariposa,22,37.65963,-120.34802
916,36.0,San Diego,37,33.1683,-116.77342
917,35.0,Riverside,33,33.74925,-117.10301
918,35.0,Marin,21,38.08055,-122.77846
919,35.0,Riverside,33,33.99316,-117.48405
920,35.0,Sacramento,34,38.45822,-120.92162
921,35.0,Kern,15,35.37351,-118.84134
922,35.0,Riverside,33,33.96419,-117.20507
923,34.0,San Bernardino,36,34.21829,-117.40625
924,34.0,Riverside,33,33.73547,-117.33364
925,34.0,Humboldt,12,40.03697,-123.64214
926,34.0,San Benito,35,36.85596,-121.30983
927,33.0,Riverside,33,33.763304,-117.314994
928,33.0,Riverside,33,33.584036,-116.972036
929,33.0,Kern,15,35.60633,-118.4642
930,32.0,Trinity,53,40.804,-123.375
931,32.0,Trinity,53,40.79902,-123.39253
932,32.0,Riverside,33,33.62613,-117.07975
933,32.0,Monterey,27,35.90092,-120.93371
934,32.0,Monterey,27,35.902149,-120.983684
935,31.0,Monterey,27,36.5858,-121.80377
936,31.0,Fresno,10,36.099681,-120.443545
937,31.0,Kern,15,35.60001,-118.4683
938,30.0,Los Angeles,19,34.52055,-118.62882
939,30.0,Humboldt,12,40.27582,-123.64281
940,30.0,Riverside,33,33.96896,-117.25411
941,29.0,El Dorado,9,38.77921,-120.46234
942,29.0,Tehama,52,40.29118,-122.42606
943,28.0,Butte,4,39.8255,-121.7127
944,28.0,Modoc,25,41.4844,-120.36659
945,28.0,Del Norte,8,41.93323,-124.19629
946,28.0,Riverside,33,33.79925,-117.11659
947,27.0,Modoc,25,41.64469,-120.31814
948,27.0,Riverside,33,33.82165,-116.96079
949,26.0,Yuba,58,39.03168,-121.40947
950,26.0,Riverside,33,33.71025,-117.31924
951,26.0,Riverside,33,33.94788,-116.59719
952,25.0,San Diego,37,33.18716,-116.50897
953,25.0,San Luis Obispo,40,35.76343,-121.04445
954,25.0,San Diego,37,32.59252,-116.61609
955,25.0,Shasta,45,40.71923,-122.02525
956,25.0,San Diego,37,32.7789,-116.8516
957,25.0,Madera,20,37.02081,-119.95136
958,25.0,Los Angeles,19,34.29931,-118.37539
959,25.0,San Diego,37,32.679,-116.29296
960,23.0,Riverside,33,33.50488,-117.02132
961,22.0,Alameda,1,37.77982,-122.169
962,22.0,Calaveras,5,38.20176,-120.67848
963,22.0,Napa,28,38.68347,-122.2654
964,21.0,San Luis Obispo,40,35.41112,-120.00353
965,21.0,Lake,17,39.01748,-122.49327
966,21.0,Tulare,54,36.10858,-118.81979
967,21.0,Butte,4,39.364,-121.4143
968,21.0,Shasta,45,0.0,0.0
969,21.0,San Benito,35,36.35578,-120.99552
970,20.0,Humboldt,12,40.88516,-123.96844
971,20.0,Sonoma,49,38.51937,-123.24713
972,20.0,Tehama,52,40.20077,-122.24731
973,20.0,Tuolumne,55,37.65986,-120.31157
974,20.0,San Bernardino,36,34.139,-117.199
975,20.0,Mendocino,23,39.13207,-123.10227
976,20.0,Riverside,33,33.52584,-116.85226
977,20.0,Contra Costa,7,37.86549,-122.2102
978,20.0,Kings,16,35.983,-119.91508
979,20.0,Monterey,27,35.77082,-120.92482
980,19.0,Riverside,33,33.88994,-116.91023
981,19.0,Nevada,29,39.06414,-121.13737
982,19.0,Riverside,33,33.797216,-117.124538
983,19.0,Humboldt,12,40.39799,-123.57562
984,19.0,Stanislaus,50,37.81827,-120.65764
985,19.0,Siskiyou,47,40.703775,-122.645079
986,19.0,Kern,15,35.71704,-118.30601
987,18.0,Sonoma,49,38.26294,-122.71998
988,18.0,Butte,4,39.53944,-121.54722
989,18.0,Fresno,10,36.61332,-120.7109
990,18.0,Monterey,27,36.1727,-120.86682
991,17.0,Mariposa,22,37.41231,-119.87465
992,17.0,Shasta,45,40.92602,-121.5935
993,17.0,Shasta,45,40.69259,-122.17384
994,17.0,San Luis Obispo,40,35.556667,-120.474
995,17.0,Monterey,27,36.2771,-120.94328
996,17.0,Riverside,33,33.88466,-116.99229
997,16.0,Kern,15,35.188,-119.2877
998,16.0,San Bernardino,36,34.04412,-116.55326
999,16.0,Fresno,10,36.96642,-119.58292
1000,15.0,Tehama,52,39.87983,-122.5415
1001,15.0,Nevada,29,39.16826,-120.95498
1002,15.0,Modoc,25,41.45589,-120.56933
1003,15.0,Monterey,27,35.947,-120.87492
1004,15.0,Calaveras,5,38.19906,-120.83484
1005,15.0,Riverside,33,33.56777,-116.08003
1006,14.0,Santa Barbara,42,34.71796,-120.27077
1007,14.0,Santa Barbara,42,34.605358,-120.414875
1008,14.0,Butte,4,39.8629,-121.6268
1009,14.0,Monterey,27,35.80375,-120.52508
1010,14.0,Riverside,33,33.97155,-117.44148
1011,13.0,Stanislaus,50,37.89532,-120.84748
1012,13.0,El Dorado,9,38.69775,-120.73757
1013,13.0,El Dorado,9,38.67474,-121.06088
1014,13.0,San Bernardino,36,34.304722,-117.3125
1015,12.0,Butte,4,39.44257,-121.60683
1016,12.0,San Diego,37,0.0,0.0
1017,12.0,San Luis Obispo,40,35.6879,-120.3317
1018,12.0,Riverside,33,33.7866,-117.5048
1019,12.0,Merced,24,37.21812,-121.07761
1020,11.0,Sonoma,49,38.70289,-122.90217
1021,11.0,Riverside,33,33.913089,-117.096233
1022,10.0,Tehama,52,40.24789,-122.255
1023,10.0,Mariposa,22,37.76888,-120.15846
1024,10.0,Fresno,10,37.10067,-119.32109
1025,10.0,Amador,3,38.34421,-120.72274
1026,10.0,Los Angeles,19,34.23925,-117.85182
1027,10.0,Nevada,29,39.36902,-120.97586
1028,10.0,Shasta,45,40.48972,-122.38619
1029,10.0,Riverside,33,33.77896,-117.24091
1030,10.0,Butte,4,39.50475,-121.33785
1031,10.0,Riverside,33,33.91806,-116.99321
1032,10.0,Nevada,29,39.08382,-121.06656
1033,10.0,Riverside,33,33.90965,-116.9669
1034,10.0,Riverside,33,117.138741,33.939428
1035,10.0,Kern,15,35.564124,-118.796513
1036,10.0,Riverside,33,33.87107,-116.88097
1037,10.0,Yuba,58,39.23205,-121.376
1038,10.0,Kern,15,34.87128,-118.35296
1039,10.0,Riverside,33,33.94673,-117.17773
1040,10.0,Monterey,27,36.44141,-121.34695
1041,0.0,Sonoma,49,38.36685,-122.64001
1042,0.0,Napa,28,38.31802,-122.39052
1043,0.0,Mariposa,22,37.73596,-119.78256
1044,0.0,Siskiyou,47,41.702,-123.508
1045,0.0,Modoc,25,41.338,-120.304
1046,0.0,Glenn,11,39.75425,-122.17657
1047,0.0,Lassen,18,40.6361,-120.9643
1048,0.0,Siskiyou,47,41.86609,-122.73031
1049,0.0,San Diego,37,33.43513,-117.58252
1050,0.0,Siskiyou,47,41.841,-123.474
1051,0.0,Tulare,54,36.51912,-119.50606
1052,0.0,San Luis Obispo,40,35.85253,-120.80411
1053,0.0,Butte,4,39.51158,-121.55633
1054,410203.0,Colusa,"6,11,17,23",39.243283,-123.103367
1055,410203.0,Glenn,"6,11,17,23",39.243283,-123.103367
1056,410203.0,Lake,"6,11,17,23",39.243283,-123.103367
1057,410203.0,Mendocino,"6,11,17,23",39.243283,-123.103367
1058,229651.0,Shasta,"45,53",40.65428,-122.62357
1059,229651.0,Trinity,"45,53",40.65428,-122.62357
1060,153336.0,Butte,4,39.8134,-121.4347
1061,96949.0,Los Angeles,"19,56",34.235,-118.70128
1062,96949.0,Ventura,"19,56",34.235,-118.70128
1063,96901.0,Mariposa,22,37.6549,-119.88581
1064,90288.0,Napa,"28,57",38.80583,-122.18183
1065,90288.0,Yolo,"28,57",38.80583,-122.18183
1066,63311.0,Shasta,"45,53",40.9425,-122.43
1067,63311.0,Trinity,"45,53",40.9425,-122.43
1068,48920.0,Colusa,"6,17,23",39.04786,-123.11971
1069,48920.0,Lake,"6,17,23",39.04786,-123.11971
1070,48920.0,Mendocino,"6,17,23",39.04786,-123.11971
1071,46150.0,Shasta,45,40.896,-122.219
1072,39387.0,Modoc,25,41.38544,-121.04386
1073,38008.0,Siskiyou,47,41.893332,-122.534655
1074,36450.0,Tuolumne,55,38.349,-119.929
1075,23136.0,Orange,30,33.69888,-117.52055
1076,18703.0,Lassen,18,40.633536,-120.868091
1077,15185.0,Lake,17,39.0674,-122.59848
1078,13139.0,Riverside,33,0.0,0.0
1079,12300.0,San Joaquin,39,38.052055,-120.945482
1080,6974.0,Mono,26,38.347395,-119.45186
1081,4564.0,Merced,24,37.39339,-120.34207
1082,4531.0,Ventura,56,34.22685,-118.93444
1083,4500.0,Solano,48,0.0,0.0
1084,4064.0,Madera,20,37.571,-119.118
1085,3889.0,Tehama,52,40.22027778,-122.18
1086,3716.0,Tehama,52,40.35068,-121.77867
1087,3674.0,Humboldt,12,41.07944,-123.688056
1088,3380.0,Los Angeles,19,34.48229,-118.60858
1089,2995.0,Kings,16,35.97896,-119.98329
1090,2956.0,Tehama,52,39.94355,-122.3571
1091,2950.0,Kern,15,35.37444,-118.83556
1092,2883.0,Inyo,14,36.6734,-118.21881
1093,2490.0,Napa,28,38.69601,-122.44468
1094,2290.0,Glenn,11,39.64978,-122.58218
1095,2225.0,Monterey,27,35.847778,-120.343056
1096,2162.0,Solano,48,38.431278,-122.043747
1097,2100.0,Modoc,25,41.29363,-120.11461
1098,2070.0,Inyo,14,37.40208,-118.50235
1099,1900.0,Shasta,45,40.99344,-121.52225
1100,1756.0,Merced,24,36.85156,-120.77206
1101,1751.0,Trinity,53,40.616251,-123.52019
1102,1678.0,Shasta,45,40.50318,-122.42308
1103,1500.0,Solano,48,38.21396,-121.9424
1104,1500.0,San Luis Obispo,40,35.73629,-120.75593
1105,1352.0,Los Angeles,19,34.5486,-118.31138
1106,1350.0,San Bernardino,36,34.095568,-116.958806
1107,1314.0,San Benito,35,36.40755,-120.99322
1108,1265.0,Inyo,14,36.71537,-118.08449
1109,1261.0,Riverside,33,33.62924,-117.05992
1110,1200.0,Sutter,51,39.186144,-121.792885
1111,1120.0,Placer,31,39.268611,-120.658333
1112,1014.0,Santa Barbara,42,35.11416667,-120.09222222
1113,993.0,Kern,15,35.387408,-118.817934
1114,972.0,Mendocino,23,39.82877,-123.08489
1115,962.0,Butte,4,39.77124,-121.76859
1116,856.0,Tehama,52,40.33682,-121.93908
1117,825.0,Amador,3,38.42623,-120.95408
1118,822.0,Yolo,57,38.59694444,-121.99388889
1119,700.0,Placer,31,38.82426,-121.451307
1120,668.0,Tulare,54,35.79012,-118.7393
1121,650.0,Monterey,27,36.00912,-120.82226
1122,646.0,Lassen,18,40.3768,-120.36403
1123,640.0,Alameda,1,37.75646,-121.60646
1124,573.0,Tuolumne,55,37.83388,-120.61746
1125,550.0,Butte,4,39.36529,-121.51707
1126,513.0,San Benito,35,36.378333,-120.901167
1127,504.0,San Diego,37,32.833674,-116.7311
1128,484.0,Alameda,1,37.75375,-121.57918
1129,441.0,Lassen,18,40.316137,-120.45053
1130,400.0,Monterey,27,36.35502,-121.1563
1131,375.0,Monterey,27,35.95515,-120.86256
1132,367.0,Kern,15,35.51777778,-118.6525
1133,365.0,San Diego,37,33.07892,-116.91845
1134,360.0,Madera,20,37.38789,-119.68912
1135,347.0,Butte,4,39.59872,-121.78208
1136,338.0,Inyo,14,37.735461,-118.970443
1137,328.0,Shasta,45,40.52909,-122.17457
1138,320.0,Santa Clara,43,37.449425,-121.88807
1139,316.0,El Dorado,9,38.539806,-121.059979
1140,300.0,Trinity,53,40.60402,-122.9144
1141,300.0,Madera,20,37.10181,-119.623981
1142,300.0,San Diego,37,33.389425,-117.502405
1143,293.0,Kern,15,0.0,0.0
1144,290.0,Calaveras,5,38.061298,-120.872244
1145,289.0,Madera,20,37.197039,-120.002619
1146,282.0,Riverside,33,33.836101,-117.607577
1147,278.0,San Benito,35,36.65351,-121.0454
1148,268.0,Contra Costa,7,37.94714,-121.9921
1149,268.0,Tehama,52,40.18395,-122.27574
1150,265.0,San Diego,37,32.63046,-116.46674
1151,261.0,Tehama,52,40.34256,-121.43025
1152,260.0,San Luis Obispo,40,35.33916,-120.71488
1153,258.0,Santa Barbara,42,34.0232,-119.76576
1154,250.0,San Diego,37,33.076239,-116.902985
1155,247.0,Contra Costa,7,37.89612,-121.85847
1156,224.0,Siskiyou,47,41.70877,-122.47293
1157,215.0,Siskiyou,47,41.085,-123.051
1158,215.0,San Benito,35,36.37532,-120.862579
1159,207.0,San Diego,37,33.41476,-117.24044
1160,205.0,Riverside,33,33.571763,-116.500058
1161,200.0,Kern,15,34.91482,-118.92485
1162,200.0,Merced,24,37.33924,-120.24315
1163,191.0,Butte,4,39.491737,-121.637759
1164,186.0,Ventura,56,34.26734825,-118.64381589
1165,185.0,Merced,24,37.05876,-121.176354
1166,175.0,Los Angeles,19,37.97638,-122.5275
1167,175.0,Orange,30,33.55132,-117.72044
1168,172.0,Santa Barbara,42,34.576944,-119.61416
1169,170.0,Tehama,52,40.12791,-122.19792
1170,167.0,Monterey,27,36.18401,-120.69955
1171,167.0,Lassen,18,40.34822,-120.82497
1172,166.0,Los Angeles,19,34.2325,-117.846111
1173,163.0,Tuolumne,55,37.80785,-120.30187
1174,160.0,Solano,48,38.45673,-121.94658
1175,155.0,Shasta,45,40.36888889,-122.89055556
1176,155.0,Orange,30,33.787838,-117.746625
1177,154.0,Riverside,33,33.925862,-117.654299
1178,152.0,Marin,21,38.02447,-122.727
1179,150.0,Ventura,56,34.30166667,-119.09916667
1180,150.0,Monterey,27,35.97677,-121.24898
1181,150.0,El Dorado,9,38.94388,-120.92611
1182,147.0,San Bernardino,36,34.18075,-117.43184
1183,136.0,Calaveras,5,38.08424,-120.46078
1184,135.0,Napa,28,38.51943,-122.18353
1185,128.0,Los Angeles,19,34.38039,-118.60441
1186,127.0,Glenn,11,39.46543,-122.65582
1187,127.0,Siskiyou,47,41.65935,-122.48556
1188,125.0,San Bernardino,36,34.15475,-117.244366
1189,120.0,Tulare,54,36.47766,-119.10433
1190,117.0,Plumas,32,39.996944,-121.27
1191,116.0,San Benito,35,36.59036,-120.82355
1192,116.0,Santa Clara,43,37.06367,-121.53586
1193,115.0,Mariposa,22,37.707234,-120.199162
1194,114.0,Kern,15,35.56888889,-118.80138889
1195,113.0,Santa Barbara,42,34.463889,-119.831389
1196,110.0,Santa Barbara,42,34.62412,-120.22298
1197,108.0,Fresno,10,36.75581,-119.42172
1198,106.0,Mendocino,23,38.8802,-123.0496
1199,103.0,Lake,17,39.02017,-122.57496
1200,103.0,Tehama,52,40.31759,-122.21032
1201,100.0,San Diego,37,33.0971179,-117.0242529
1202,100.0,Tulare,54,36.21634,-118.82989
1203,100.0,San Bernardino,36,34.22526,-117.40967
1204,100.0,San Luis Obispo,40,35.56922,-120.12441
1205,96.0,Monterey,27,35.9352,-121.11936
1206,95.0,Kern,15,35.1234,-118.72905
1207,90.0,Mendocino,23,39.038859,-123.38493
1208,89.0,Lassen,18,40.94666,-121.27049
1209,88.0,Lassen,18,40.83116,-120.19336
1210,88.0,Madera,20,37.179167,-119.431667
1211,88.0,Merced,24,37.056944,-121.01638
1212,80.0,San Luis Obispo,40,-120.258,-120.258
1213,80.0,Lake,17,39.06715,-122.59789
1214,80.0,Calaveras,5,37.95766,-120.68902
1215,77.0,Santa Barbara,42,34.54305556,-120.31805556
1216,76.0,Shasta,45,40.5939,-122.17173
1217,76.0,Fresno,10,36.696879,-119.304499
1218,75.0,Colusa,6,39.2976,-122.512012
1219,75.0,Glenn,11,39.65578,-122.58666
1220,73.0,Riverside,33,33.67815,-117.32281
1221,70.0,Santa Clara,43,37.22545,-121.79189
1222,70.0,Santa Clara,43,37.66074,-121.67144
1223,70.0,Tehama,52,40.394073,-122.135924
1224,70.0,Riverside,33,33.504964,-117.148204
1225,68.0,Merced,24,37.08529,-121.09354
1226,67.0,El Dorado,9,38.645,-120.874167
1227,67.0,Mendocino,23,39.279833,-123.258319
1228,66.0,El Dorado,9,38.82128,-121.03918
1229,64.0,San Benito,35,36.64832,-121.03253
1230,63.0,Santa Clara,43,37.1769444,-121.68694444
1231,63.0,Shasta,45,40.741186,-122.649626
1232,63.0,Riverside,33,33.56349,-116.732032
1233,63.0,Siskiyou,47,41.83359,-122.99272
1234,63.0,Stanislaus,50,37.32744,-121.10903
1235,62.0,Kern,15,34.86022,-118.87881
1236,62.0,Los Angeles,19,34.53765,-118.75495
1237,62.0,San Joaquin,39,38.24033,-121.09199
1238,60.0,Tehama,52,40.346652,-122.308479
1239,60.0,Lake,17,38.8275,-122.3625
1240,60.0,Madera,20,37.14663,-119.91223
1241,60.0,San Luis Obispo,40,35.58354,-120.624135
1242,60.0,San Luis Obispo,40,35.663607,-120.670311
1243,60.0,Santa Barbara,42,34.74245,-120.18236
1244,59.0,San Diego,37,33.35505,-117.03134
1245,58.0,San Luis Obispo,40,35.17693,-120.48861
1246,56.0,Lassen,18,40.95234,-121.21597
1247,56.0,Contra Costa,7,37.79718,-121.85311
1248,56.0,Madera,20,37.0979,-119.75307
1249,53.0,San Bernardino,36,34.24138,-117.42431
1250,53.0,Lassen,18,40.33642,-120.93005
1251,53.0,Mariposa,22,37.47677,-119.84299
1252,52.0,Modoc,25,41.50105,-120.61108
1253,51.0,San Luis Obispo,40,35.30151,-120.64398
1254,51.0,Shasta,45,40.824,-121.90215
1255,51.0,Santa Clara,43,37.163594,-121.702547
1256,50.0,Lake,17,38.91152,-122.86854
1257,50.0,Tehama,52,40.27754,-122.11375
1258,50.0,Monterey,27,35.96689,-121.28185
1259,48.0,Alameda,1,37.69926,-122.02805
1260,45.0,Contra Costa,7,37.86339,-122.12351
1261,45.0,Marin,21,38.07135,-122.76751
1262,43.0,Butte,4,39.57202,-121.43131
1263,40.0,Riverside,33,33.56921,-116.154398
1264,40.0,Mariposa,22,37.28365,-119.97546
1265,40.0,Contra Costa,7,37.779209,-121.908976
1266,40.0,Butte,4,39.549167,-121.521111
1267,39.0,San Benito,35,36.796,-121.40604
1268,38.0,Shasta,45,40.60866,-122.38366
1269,38.0,San Diego,37,32.78031,-117.06782
1270,37.0,San Luis Obispo,40,35.64917,-120.71907
1271,37.0,Siskiyou,47,41.58233,-122.33769
1272,36.0,Lake,17,38.981389,-122.97222
1273,36.0,Riverside,33,33.640051,-117.085354
1274,35.0,Mendocino,23,39.62194,-123.28774
1275,35.0,Riverside,33,33.759722,-117.460278
1276,35.0,Shasta,45,40.95673,-121.6002
1277,35.0,San Benito,35,36.83036,-121.36446
1278,34.0,Kern,15,35.17156,-118.51651
1279,34.0,Alameda,1,37.71173,-121.55604
1280,34.0,Tulare,54,36.42638,-118.70443
1281,33.0,Butte,4,39.84151,-121.62168
1282,33.0,Tehama,52,40.00293,-122.44008
1283,33.0,San Bernardino,36,34.17711,-117.15381
1284,33.0,Tulare,54,0.0,0.0
1285,32.0,Fresno,10,36.938674,-119.3127769
1286,32.0,Riverside,33,33.97902,-117.20534
1287,32.0,Lassen,18,41.08583,-121.05722
1288,32.0,Lake,17,38.886518,-122.476381
1289,31.0,Shasta,45,40.62693,-122.23449
1290,30.0,Santa Clara,43,37.33563,-121.75815
1291,30.0,Contra Costa,7,37.99618,-122.14097
1292,30.0,Alameda,1,37.533026,-121.79733
1293,30.0,Riverside,33,33.85852,-117.43521
1294,30.0,San Luis Obispo,40,35.68539,-120.95157
1295,30.0,Sacramento,34,38.595865,-121.17693
1296,30.0,Fresno,10,35.92436,-119.94083
1297,28.0,San Diego,37,32.557566,-116.8663
1298,27.0,Siskiyou,47,41.791859,-122.513883
1299,26.0,Tulare,54,35.826333,-118.9821
1300,25.0,Riverside,33,33.80406,-116.93188
1301,25.0,Contra Costa,7,38.015323,-121.998967
1302,25.0,San Luis Obispo,40,35.71859,-120.64028
1303,24.0,Lake,17,38.91842,-122.85276
1304,23.0,Riverside,33,33.946896,-117.066643
1305,23.0,Contra Costa,7,37.99113,-121.86473
1306,23.0,Tehama,52,40.201826,-122.29388
1307,22.0,Mariposa,22,37.69965,-120.0545
1308,21.0,Riverside,33,33.86439,-117.48144
1309,20.0,Contra Costa,7,37.81111,-121.7944
1310,20.0,Alameda,1,37.61158,-121.94182
1311,20.0,Santa Clara,43,37.07793,-121.600023
1312,20.0,Alameda,1,37.627119,-121.806775
1313,20.0,Riverside,33,33.524412,-116.821724
1314,20.0,Butte,4,39.602703,-121.617698
1315,20.0,Los Angeles,19,34.110516,-118.427886
1316,20.0,Plumas,32,39.89075,-120.18499
1317,18.0,San Diego,37,33.40178,-117.27467
1318,18.0,Riverside,33,33.88744,-117.16232
1319,17.0,Santa Cruz,44,37.0125,-122.046
1320,17.0,Amador,3,38.265645,-120.892404
1321,17.0,Riverside,33,33.742,-117.28189
1322,16.0,Nevada,29,39.10494,-121.07039
1323,16.0,Humboldt,12,41.34453,-123.85404
1324,16.0,Santa Clara,43,37.21803,-121.76828
1325,15.0,Siskiyou,47,41.94046,-122.43933
1326,15.0,Modoc,25,41.52123,-120.72362
1327,15.0,Riverside,33,33.467999,-117.003829
1328,15.0,Riverside,33,33.711263,-116.164058
1329,14.0,San Diego,37,33.05737,-116.77154
1330,14.0,San Luis Obispo,40,35.70086,-120.97339
1331,14.0,Lassen,18,39.99309,-120.02137
1332,14.0,Yolo,57,38.64953,-122.01762
1333,13.0,Shasta,45,40.678889,-122.400556
1334,13.0,San Diego,37,33.04898,-116.78928
1335,13.0,Fresno,10,36.10499,-120.55324
1336,12.0,Shasta,45,40.49618,-122.51597
1337,12.0,El Dorado,9,38.7448,-120.65672
1338,12.0,San Bernardino,36,34.171786,-117.35606
1339,12.0,Madera,20,37.22791,-119.50461
1340,12.0,Marin,21,37.97638,-122.5275
1341,12.0,San Diego,37,33.40769,-117.22974
1342,12.0,Siskiyou,47,41.64805,-122.98442
1343,12.0,San Luis Obispo,40,35.75737,-120.91793
1344,12.0,Napa,28,38.16303,-122.23059
1345,12.0,Alameda,1,37.73835,-121.6039
1346,12.0,San Diego,37,33.12213,-116.58759
1347,11.0,Butte,4,39.66492,-121.51772
1348,11.0,Madera,20,37.19817,-119.80414
1349,11.0,Riverside,33,33.47413,-117.31468
1350,11.0,Shasta,45,40.4635,-121.77419
1351,10.0,Santa Cruz,44,37.12857,-122.12036
1352,10.0,Humboldt,12,40.888785,-124.001849
1353,10.0,Butte,4,39.93427,-121.54103
1354,10.0,Riverside,33,33.627006,-117.171731
1355,10.0,Napa,28,38.27229,-122.26389
1356,10.0,Siskiyou,47,41.632373,-122.37985
1357,10.0,San Diego,37,32.619855,-116.764733
1358,10.0,Butte,4,39.6139,-121.954098
1359,10.0,San Luis Obispo,40,35.05747,-120.39295
1360,10.0,Monterey,27,35.77017,-120.57833
1361,10.0,Sonoma,49,38.245151,-122.44408
1362,10.0,San Diego,37,32.75072,-116.92404
1363,10.0,Tehama,52,39.80827,-122.3307
1364,10.0,Riverside,33,33.45014,-117.22215
1365,10.0,Riverside,33,33.53924,-116.10231
1366,0.0,Butte,4,39.71217,-121.77385
1367,0.0,Humboldt,12,40.70258,-123.55012
1368,0.0,Santa Barbara,"42,56",0.0,0.0
1369,0.0,Ventura,"42,56",0.0,0.0
1370,1806.0,Ventura,56,34.282179,-118.803389
1371,1300.0,Mariposa,22,37.536069,-120.177018
1372,1011.0,Riverside,33,33.9925,-117.059167
1373,605.0,Tehama,52,40.00171,-122.25421
1374,494.0,Riverside,33,34.01778,-117.4625
1375,355.0,Placer,31,38.838992,-121.325842
1376,289.0,Monterey,"27,40",35.79069,-120.73102
1377,289.0,San Luis Obispo,"27,40",35.79069,-120.73102
1378,149.0,Mariposa,22,37.241427,-120.027731
1379,137.0,Fresno,10,36.319291,-120.460189
1380,107.0,Lassen,18,40.900458,-121.320838
1381,75.0,Riverside,33,33.8615,-116.897333
1382,40.0,Contra Costa,7,37.828267,-122.103867
1383,37.0,San Diego,37,33.259861,-117.027333
1384,35.0,Alameda,1,37.62782,-121.68598
1385,35.0,Stanislaus,50,37.420988,-121.371276
1386,30.0,Shasta,45,40.463936,-122.435492
1387,27.0,Calaveras,5,38.115224,-120.78068
1388,26.0,San Bernardino,36,34.202883,-116.4449
1389,25.0,San Diego,37,32.794768,-116.839743
1390,22.0,El Dorado,9,38.538467,-120.965105
1391,22.0,Alameda,1,37.093243,-121.586846
1392,15.0,Contra Costa,7,38.045866,-122.245186
1393,12.0,Riverside,33,33.463991,-116.914799
1394,10.0,Mendocino,23,39.613783,-123.458782
1395,10.0,Santa Cruz,44,37.178353,-122.07743
1396,77758.0,Sonoma,49,38.792458,-122.780053
1397,54612.0,Plumas,32,40.061389,-120.680556
1398,14217.0,Modoc,25,41.79591,-121.260305
1399,10296.0,Inyo,14,37.034,-118.345
1400,9999.0,Ventura,56,34.302212,-118.997115
1401,8838.0,Tehama,52,40.12,-122.64
1402,8799.0,Los Angeles,19,34.32988,-118.48161
1403,5737.0,Modoc,25,41.748,-121.056
1404,5563.0,Mariposa,22,37.604638,-119.96606
1405,5332.0,Tehama,52,40.109,-122.789
1406,4840.0,Mono,26,37.826,-118.872
1407,4615.0,Los Angeles,19,34.472778,-118.368056
1408,3435.0,El Dorado,9,38.724,-120.145
1409,3380.0,Lassen,18,40.593,-120.581
1410,3126.0,Santa Barbara,42,34.5025,-119.785
1411,2546.0,Monterey,27,36.28426,-120.94771
1412,2534.0,Tehama,52,40.036379,-122.637837
1413,2512.0,Yolo,57,38.88978,-122.23922
1414,2500.0,Kern,15,35.72057,-119.62762
1415,2438.0,Lassen,18,39.892222,-120.029722
1416,2422.0,Stanislaus,50,37.46577,-121.28312
1417,1975.0,Inyo,14,36.284,-118.228
1418,1926.0,Riverside,33,33.528469,-117.273157
1419,1872.0,Siskiyou,47,41.862237,-122.662258
1420,1764.0,San Luis Obispo,40,35.66318,-120.41128
1421,1507.0,Mexico,62,32.573437,-116.658735
1422,1350.0,Sutter,51,39.28926,-121.85906
1423,1301.0,State of Oregon,61,42.033,-122.175
1424,1165.0,State of Nevada,59,39.631945,-119.769881
1425,1127.0,San Luis Obispo,40,35.343761,-119.913717
1426,1020.0,Lassen,18,40.943799,-120.275298
1427,974.0,San Luis Obispo,40,35.63111111,-120.26916667
1428,835.0,San Luis Obispo,40,35.30759,-119.96498
1429,757.0,Contra Costa,7,37.908362,-121.872941
1430,756.0,Tulare,54,36.40193,-119.030621
1431,745.0,Los Angeles,19,34.098191,-118.478717
1432,703.0,Mendocino,23,39.22431,-123.12887
1433,604.0,Placer,31,38.751648,-121.432636
1434,600.0,Shasta,45,40.715556,-122.241944
1435,600.0,Stanislaus,50,37.25988,-121.09375
1436,526.0,Napa,28,38.165873,-122.211671
1437,525.0,Riverside,33,33.919507,-117.103765
1438,520.0,Riverside,33,33.4853,-117.043723
1439,496.0,Butte,4,39.45296,-121.412619
1440,448.0,San Diego,37,32.575556,-117.026667
1441,448.0,Kern,15,35.60989,-118.41204
1442,423.0,Mariposa,22,37.532028,-120.208019
1443,420.0,Santa Barbara,42,34.484722,-120.190833
1444,381.0,Tulare,54,36.151,-118.185
1445,350.0,Riverside,33,33.975405,-117.207068
1446,328.0,Riverside,33,33.985972,-117.414111
1447,316.0,Monterey,27,35.908333,-120.984167
1448,300.0,Butte,4,39.622137,-121.693472
1449,283.0,San Joaquin,39,37.63206,-121.538382
1450,280.0,Trinity,53,41.150392,-122.634108
1451,280.0,Monterey,27,36.008889,-121.466944
1452,279.0,Ventura,56,34.71011,-119.3547
1453,263.0,Lassen,18,40.679318,-120.392768
1454,260.0,Lassen,18,44.734,-120.606
1455,257.0,Tulare,54,36.18479,-118.99229
1456,250.0,Riverside,33,33.9369,-117.3063
1457,244.0,Trinity,53,40.062304,-123.222196
1458,244.0,Mariposa,22,37.524378,-120.296551
1459,240.0,Alameda,1,37.708743,-121.841879
1460,227.0,Siskiyou,47,41.4929742,-123.2129356
1461,225.0,Mendocino,23,39.005262,-123.195306
1462,220.0,San Luis Obispo,40,35.214364,-120.455883
1463,214.0,Riverside,33,33.911,-116.980528
1464,213.0,Madera,20,37.016944,-119.934167
1465,210.0,Merced,24,37.312877,-120.242411
1466,210.0,Santa Clara,43,37.21638,-121.70768
1467,208.0,Kern,15,34.9008333,-118.9183333
1468,207.0,Siskiyou,47,39.28926,-121.85906
1469,202.0,Stanislaus,50,37.944751,-120.84372
1470,200.0,San Bernardino,36,34.183,-117.285
1471,200.0,Contra Costa,7,37.99136,-121.64118
1472,200.0,Ventura,56,34.23955,-119.20187
1473,200.0,San Diego,37,32.787656,-116.806941
1474,200.0,Santa Barbara,42,34.630919,-120.187368
1475,193.0,Lassen,18,40.072739,-120.158273
1476,190.0,Stanislaus,50,37.32585,-121.110146
1477,190.0,Monterey,27,35.95191,-120.8092
1478,183.0,Solano,48,38.158333,-122.118889
1479,172.0,Kern,15,35.03855,-119.19454
1480,167.0,Riverside,33,33.635,-116.801111
1481,167.0,San Benito,35,36.600167,-120.8405
1482,161.0,Kings,16,35.81778,-120.09715
1483,156.0,Shasta,45,40.484329,-122.159393
1484,156.0,Los Angeles,19,34.677864,-118.752395
1485,156.0,San Bernardino,36,33.997528,-117.769766
1486,155.0,Tulare,54,36.28001,-119.10974
1487,150.0,Contra Costa,7,38.03545,-122.2241
1488,150.0,San Diego,37,32.767649,-116.796032
1489,148.0,Placer,31,38.73817,-121.39419
1490,145.0,San Bernardino,36,34.183624,-117.274276
1491,144.0,Santa Clara,43,37.45899,-121.22093
1492,140.0,Solano,48,38.07205,-122.22463
1493,139.0,Alameda,1,37.71734,-121.55867
1494,131.0,Lassen,18,40.562,-120.544
1495,131.0,Ventura,56,34.366111,-118.96
1496,130.0,Lassen,18,40.886677,-120.336977
1497,130.0,Mendocino,23,39.831762,-123.846013
1498,130.0,Riverside,33,33.650237,-116.172534
1499,128.0,Santa Clara,43,37.467744,-121.842751
1500,128.0,Modoc,25,41.909,-120.306
1501,121.0,Fresno,10,36.66909,-119.3046
1502,120.0,San Diego,37,33.39684,-117.29665
1503,120.0,San Luis Obispo,40,35.57376,-120.11738
1504,115.0,Kern,15,35.65189,-118.92545
1505,105.0,Los Angeles,19,34.675542,-118.342239
1506,103.0,Modoc,25,41.43783,-120.23976
1507,100.0,Santa Barbara,42,34.665699,-119.94974
1508,100.0,San Diego,37,32.566389,-116.7525
1509,98.0,Riverside,33,33.900994,-117.170588
1510,97.0,San Diego,37,33.055124,-116.742508
1511,96.0,Riverside,33,33.8128372,-117.1228851
1512,95.0,San Luis Obispo,40,35.004722,-120.435278
1513,94.0,Riverside,33,33.740219,-117.333728
1514,91.0,Ventura,56,34.156389,-118.950833
1515,91.0,Siskiyou,47,41.749667,-123.000833
1516,90.0,San Joaquin,39,37.962557,-121.468074
1517,90.0,Shasta,45,40.41404,-122.66779
1518,85.0,El Dorado,9,38.898915,-120.946657
1519,84.0,Sacramento,34,38.3525,-121.123611
1520,83.0,Tuolumne,55,37.838333,-120.625556
1521,83.0,Siskiyou,47,41.834366,-122.656569
1522,81.0,Solano,48,38.455,-121.969167
1523,81.0,San Bernardino,36,34.42386,-117.10318
1524,81.0,Riverside,33,33.514658,-116.7884
1525,80.0,Butte,4,39.551423,-121.800538
1526,80.0,Riverside,33,33.77777348,-117.487578
1527,80.0,San Diego,37,32.57394,-116.760465
1528,80.0,Santa Clara,43,37.433192,-121.807258
1529,80.0,Riverside,33,33.56938,-116.07896
1530,80.0,Yuba,58,39.24678,-121.32399
1531,80.0,Yuba,58,39.24678,-121.32399
1532,75.0,Lake,17,39.100408,-122.496548
1533,74.0,Santa Clara,43,37.18904,-121.694968
1534,70.0,Yuba,58,39.15641,-121.56363
1535,68.0,Tehama,52,39.847708,-122.1604
1536,67.0,Marin,21,37.896231,-122.636471
1537,67.0,Calaveras,5,38.20177,-120.827386
1538,66.0,Monterey,27,35.906482,-120.992914
1539,65.0,Placer,31,39.11536,-120.76088
1540,64.0,Napa,28,38.481258,-122.143942
1541,63.0,Glenn,11,41.70611111,-123.4375
1542,63.0,Tehama,52,39.98097,-122.30737
1543,62.0,San Mateo,41,37.166674,-122.361112
1544,60.0,Santa Clara,43,37.219717,-121.761974
1545,58.0,Butte,4,39.470333,-121.412333
1546,58.0,Contra Costa,7,37.968494,-121.678172
1547,55.0,Lassen,18,40.387772,-120.304341
1548,55.0,Riverside,33,33.57039,-116.1466
1549,53.0,Lake,17,38.955024,-122.833831
1550,52.0,San Luis Obispo,40,35.189783,-120.1755
1551,52.0,San Diego,37,32.87833333,-116.88
1552,50.0,San Diego,37,32.564583,-116.834583
1553,50.0,Contra Costa,7,37.97911,-122.11092
1554,50.0,Sacramento,34,38.622058,-121.114095
1555,50.0,Napa,28,38.63047,-122.47282
1556,50.0,Butte,4,39.85484,-121.905
1557,47.0,Santa Clara,43,37.32555556,-121.76444444
1558,47.0,Tulare,54,35.89593,-118.94106
1559,46.0,Shasta,45,40.46968,-122.54364
1560,46.0,Tehama,52,39.97083,-122.48277
1561,45.0,Riverside,33,33.69078,-114.57265
1562,44.0,San Joaquin,39,38.017138,-120.945044
1563,43.0,Monterey,27,35.97059,-120.88241
1564,42.0,Los Angeles,19,34.055768,-118.554091
1565,42.0,Shasta,45,40.4988,-122.19911
1566,38.0,Yuba,58,39.06066,-121.35014
1567,35.0,Santa Clara,43,37.034183,-121.45597
1568,35.0,El Dorado,9,38.652475,-120.826165
1569,35.0,Siskiyou,47,41.838,-122.845
1570,35.0,Santa Clara,43,37.44422,-121.84082
1571,34.0,Riverside,33,33.854597,-117.270144
1572,34.0,Riverside,33,33.4506,-116.857817
1573,33.0,Yolo,57,39.171091,-121.423281
1574,33.0,Tulare,54,36.23012,-118.85712
1575,30.0,San Luis Obispo,40,35.709176,-120.312856
1576,30.0,Solano,48,38.07944444,-122.25611111
1577,30.0,Shasta,45,40.55924,-122.25409
1578,30.0,Shasta,45,40.41741,-122.767256
1579,30.0,Alameda,1,37.75427,-121.57382
1580,30.0,Riverside,33,0.0,0.0
1581,30.0,Humboldt,12,40.61805556,-123.67555556
1582,29.0,Santa Clara,43,37.066483,-121.219163
1583,29.0,Kern,15,35.287373,-118.623651
1584,28.0,Lake,17,38.910498,-122.642572
1585,28.0,San Diego,37,32.62305556,-116.91416667
1586,27.0,Placer,31,38.75263,-121.39259
1587,26.0,Riverside,33,33.81678,-117.18194
1588,25.0,Lake,17,38.88913,-122.604425
1589,25.0,Fresno,10,36.154184,-120.634179
1590,25.0,Mexico,"62,37",32.557546,-116.873955
1591,25.0,San Diego,"62,37",32.557546,-116.873955
1592,25.0,Alameda,1,37.469,-121.3697
1593,25.0,Tulare,54,36.14246,-118.80582
1594,24.0,Contra Costa,7,37.99837,-122.16201
1595,24.0,Solano,48,38.21416,-122.12214
1596,23.0,Contra Costa,7,38.02503,-121.9763
1597,22.0,San Diego,37,32.557566,-116.8663
1598,21.0,Tuolumne,55,37.949747,-120.420058
1599,20.0,Colusa,6,39.088333,-122.309167
1600,20.0,Riverside,33,33.909792,-117.004667
1601,20.0,Lake,17,38.99174,-122.7751
1602,20.0,Riverside,33,33.69055556,-116.953889
1603,20.0,Riverside,33,33.80493,-117.15738
1604,19.0,Riverside,33,33.849906,-117.461363
1605,19.0,Riverside,33,33.703546,-117.033598
1606,19.0,Alameda,1,37.718636,-121.657011
1607,18.0,Stanislaus,50,37.429506,-121.336465
1608,17.0,San Benito,35,36.732866,-121.39478
1609,17.0,Santa Clara,43,37.494136,-121.534827
1610,17.0,Butte,4,39.76242,-121.73659
1611,17.0,Siskiyou,47,41.64895,-122.35962
1612,16.0,Shasta,45,40.612556,-122.039167
1613,16.0,El Dorado,9,38.703889,-120.890556
1614,15.0,Siskiyou,47,41.512917,-122.740333
1615,15.0,San Bernardino,36,34.353667,-117.343833
1616,15.0,San Diego,37,33.30267,-116.97772
1617,13.0,El Dorado,9,38.757636,-120.75664
1618,12.0,Alameda,1,37.606,-121.853
1619,12.0,Butte,4,39.32889,-121.23431
1620,11.0,San Bernardino,36,34.033117,-117.21545
1621,11.0,Tehama,52,40.314187,-122.070055
1622,11.0,Stanislaus,50,37.492002,-120.401028
1623,11.0,Alameda,1,37.545167,-121.596667
1624,10.0,San Diego,37,32.762706,-117.097441
1625,10.0,Tehama,52,39.847708,-122.160416
1626,10.0,Amador,3,38.332083,-120.67131
1627,10.0,Riverside,33,33.496633,-116.631106
1628,10.0,Butte,4,39.423833,-121.579738
1629,10.0,Siskiyou,47,41.94622,-122.40157
1630,10.0,Butte,4,39.83958,-121.957
1631,9.0,Riverside,33,33.827979,-117.499619
1632,2.0,Nevada,29,39.40972222,-121.00055556
1633,,Yolo,57,38.734634,-121.729691
1634,,San Diego,37,33.351145,-117.403719
1635,,Riverside,33,33.45148,-116.05898
